Account_ID,Company_Name,Monthly_Spend,Tickets_Opened,Days_Since_Last_Login,Feature_Usage_Score,Churned
ACC-001,Cloud Tech,3836.98,7,28,1.4,True
ACC-002,Bright Systems,3157.22,1,3,0.94,True
ACC-003,Prime Tech,3025.6,13,28,4.49,True
ACC-004,Nova Innovations,4126.19,13,43,2.78,True
ACC-005,Vector Systems,917.36,3,45,8.47,False
ACC-006,Quantum Software,2567.41,3,48,0.79,True
ACC-007,Prime Ops,4377.68,6,90,0.7,True
ACC-008,Logic Systems,4348.93,3,48,2.78,False
ACC-009,Pulse Labs,2165.81,6,85,2.67,False
ACC-010,Vertex Platform,3357.4,7,20,4.62,True
ACC-011,Bright Dynamics,3580.76,1,29,8.22,False
ACC-012,Orbit Works,797.85,10,27,6.55,True
ACC-013,Core Labs,1691.96,7,71,5.39,False
ACC-014,Hyper Ops,3125.9,11,28,9.97,True
ACC-015,Matrix Systems,3901.02,3,19,6.27,False
ACC-016,Hyper Platform,785.87,12,76,9.96,True
ACC-017,Bright Digital,4740.94,3,87,8.85,False
ACC-018,Vector Systems,1820.75,5,58,0.03,False
ACC-019,Fusion Networks,3928.83,3,80,2.98,False
ACC-020,Prime Dynamics,1187.78,5,69,9.53,False
ACC-021,Nova Platform,1958.7,0,14,9.29,False
ACC-022,Logic Dynamics,760.66,2,10,7.32,False
ACC-023,Bright Innovations,1065.92,15,70,1.65,True
ACC-024,Prime AI,4839.63,6,39,3.99,False
ACC-025,Pulse Analytics,4548.26,14,15,2.48,True
ACC-026,Nova Platform,2992.65,7,0,0.71,False
ACC-027,Apex Systems,4574.39,10,9,5.14,True
ACC-028,Matrix Dynamics,2926.55,15,31,7.85,False
ACC-029,Nexus Systems,936.19,13,45,4.24,True
ACC-030,Quantum Cloud,3440.55,3,7,4.03,False
ACC-031,Cloud Dynamics,1362.16,14,17,4.22,True
ACC-032,Apex Digital,4654.7,14,70,0.98,True
ACC-033,Bright Digital,566.41,2,30,1.66,False
ACC-034,Nexus Digital,2304.68,1,21,3.79,False
ACC-035,Fusion Ops,4028.32,14,36,4.23,False
ACC-036,Bright Cloud,3732.84,4,24,2.97,False
ACC-037,Next Software,2939.88,10,7,0.5,False
ACC-038,Scale Labs,755.96,2,23,0.69,True
ACC-039,Apex AI,1039.49,7,74,5.95,True
ACC-040,Hyper Cloud,3126.53,10,33,2.04,False
ACC-041,Apex Works,2281.04,9,58,3.16,False
ACC-042,Vertex Tech,2562.28,3,9,5.38,False
ACC-043,Data Ops,2070.54,2,31,3.7,True
ACC-044,Bright Software,1861.33,0,85,8.17,True
ACC-045,Cloud Ops,1104.31,3,13,7.42,True
ACC-046,Logic Platform,1447.83,10,26,6.87,False
ACC-047,Scale Analytics,1630.05,1,11,6.34,False
ACC-048,Quantum Tech,2001.0,4,81,9.8,True
ACC-049,Core Networks,3675.5,0,14,0.75,False
ACC-050,Data Networks,662.13,11,74,5.53,True
ACC-051,Quantum Works,2140.93,1,45,2.1,True
ACC-052,Cloud Solutions,4010.52,13,79,7.49,False
ACC-053,Apex Digital,1231.26,5,52,0.25,False
ACC-054,Vector Innovations,4688.67,7,34,1.59,False
ACC-055,Orbit Digital,674.26,15,28,2.0,False
ACC-056,Pulse Works,4192.41,7,28,0.24,True
ACC-057,Vector Works,4389.59,8,44,6.41,True
ACC-058,Bright Solutions,4726.57,3,33,1.79,False
ACC-059,Fusion Tech,987.81,13,44,7.29,True
ACC-060,Prime Networks,1020.41,6,32,0.44,True
ACC-061,Scale Ops,4129.3,6,46,4.31,False
ACC-062,Vector Platform,1912.62,3,38,5.07,False
ACC-063,Vector AI,3637.44,4,24,4.2,False
ACC-064,Cyber Platform,3060.97,12,70,8.34,True
ACC-065,Nexus AI,4035.91,10,59,4.42,False
ACC-066,Scale Analytics,4071.81,5,84,0.85,True
ACC-067,Prime Solutions,920.24,7,86,3.1,False
ACC-068,Data Tech,707.96,15,78,8.5,True
ACC-069,Hyper Ops,3333.94,6,89,3.84,True
ACC-070,Data Cloud,3594.3,3,54,2.19,False
ACC-071,Scale Analytics,725.98,7,15,4.56,False
ACC-072,Scale Networks,3179.54,14,78,8.15,False
ACC-073,Hyper Digital,4580.85,14,20,7.44,False
ACC-074,Fusion Innovations,1612.58,8,66,4.85,True
ACC-075,Core Systems,3710.95,7,34,3.36,False
ACC-076,Vertex Labs,1178.74,12,88,1.53,True
ACC-077,Hyper AI,1988.97,14,53,0.62,False
ACC-078,Orbit Ops,3964.08,0,73,3.8,True
ACC-079,Pulse Works,3890.64,13,68,7.48,True
ACC-080,Prime Ops,1492.42,7,34,4.36,True
ACC-081,Vector Cloud,3556.14,12,21,8.41,False
ACC-082,Prime Networks,621.35,12,75,5.64,True
ACC-083,Hyper Labs,4400.83,5,6,2.6,False
ACC-084,Core Solutions,2018.75,12,35,7.52,False
ACC-085,Fusion Digital,868.58,0,69,0.52,False
ACC-086,Apex Cloud,808.78,1,3,9.5,False
ACC-087,Nova Platform,1185.72,4,60,6.69,False
ACC-088,Nexus Analytics,3647.59,11,21,6.06,False
ACC-089,Cloud Innovations,4186.86,9,13,5.79,False
ACC-090,Next Cloud,4586.12,12,50,9.41,True
ACC-091,Next Software,4237.57,7,13,6.97,False
ACC-092,Prime Innovations,1044.75,1,44,5.33,False
ACC-093,Vertex Networks,3413.94,0,53,8.22,True
ACC-094,Pulse Cloud,4512.09,14,90,1.53,True
ACC-095,Scale Cloud,1715.37,15,59,4.36,True
ACC-096,Fusion Solutions,4332.71,2,35,8.82,True
ACC-097,Core Platform,3246.49,12,43,0.29,False
ACC-098,Cyber Analytics,1454.54,8,43,2.8,False
ACC-099,Fusion Networks,545.68,6,10,2.41,False
ACC-100,Bright Innovations,1581.46,15,82,7.12,True
ACC-101,Nova Systems,1824.06,12,88,2.43,True
ACC-102,Pulse Analytics,2990.63,11,54,9.97,False
ACC-103,Pulse Software,2541.85,9,32,2.31,False
ACC-104,Vector Systems,3842.96,5,24,2.16,False
ACC-105,Next Innovations,2860.87,9,12,8.33,False
ACC-106,Pulse Labs,1860.2,4,35,0.46,True
ACC-107,Logic Software,4748.4,15,13,8.73,False
ACC-108,Matrix Analytics,2482.11,5,6,2.52,False
ACC-109,Cloud Digital,794.05,15,9,5.77,False
ACC-110,Data Labs,4150.14,9,10,9.94,True
ACC-111,Hyper Platform,3182.57,7,66,3.8,False
ACC-112,Logic Digital,3148.36,13,39,5.69,True
ACC-113,Cloud Innovations,1435.05,6,33,6.6,True
ACC-114,Cyber Networks,837.79,0,52,4.51,False
ACC-115,Logic Tech,1541.64,9,89,8.6,True
ACC-116,Apex Ops,1690.5,6,54,1.15,True
ACC-117,Data Ops,1695.35,4,9,0.6,False
ACC-118,Prime Software,4209.08,9,56,1.24,False
ACC-119,Orbit Works,2752.12,15,56,0.8,True
ACC-120,Hyper Software,1950.45,8,3,0.91,False
ACC-121,Next Platform,4778.54,8,73,0.4,False
ACC-122,Matrix Networks,3431.79,8,23,9.97,False
ACC-123,Matrix Systems,2615.05,13,42,3.21,True
ACC-124,Cyber Solutions,2352.4,15,36,6.63,True
ACC-125,Bright Tech,2546.72,10,32,3.23,False
ACC-126,Orbit Digital,2815.68,0,84,8.69,True
ACC-127,Quantum Dynamics,2832.98,15,80,4.42,True
ACC-128,Fusion Networks,1089.56,9,56,8.81,True
ACC-129,Nova Cloud,3239.92,7,90,1.58,True
ACC-130,Bright AI,919.44,3,59,9.47,False
ACC-131,Data Analytics,4696.94,9,65,7.05,True
ACC-132,Matrix Analytics,1596.79,4,49,1.91,False
ACC-133,Data Digital,814.15,13,43,9.34,True
ACC-134,Nova Works,3767.23,15,19,4.47,True
ACC-135,Vector Networks,3932.93,12,58,9.33,False
ACC-136,Apex Platform,2223.37,13,5,3.18,False
ACC-137,Orbit AI,4947.86,4,63,9.65,True
ACC-138,Next Solutions,4413.65,14,12,5.26,False
ACC-139,Data AI,4419.2,4,9,4.69,False
ACC-140,Vector Platform,3617.17,2,42,8.52,False
ACC-141,Orbit Solutions,3320.6,15,69,0.36,True
ACC-142,Logic Dynamics,3860.45,13,12,7.6,False
ACC-143,Cloud Analytics,1248.64,9,3,0.46,False
ACC-144,Logic Solutions,2186.78,4,31,5.31,False
ACC-145,Cyber Labs,1287.81,12,79,6.83,True
ACC-146,Next Labs,1544.85,8,58,2.55,True
ACC-147,Core Ops,1794.34,5,9,4.42,False
ACC-148,Next Works,3375.22,13,88,2.5,True
ACC-149,Nexus AI,4340.01,3,30,3.81,False
ACC-150,Logic Software,1828.54,12,35,0.08,False
ACC-151,Quantum Ops,3228.83,15,36,7.76,True
ACC-152,Pulse Dynamics,3364.78,8,86,7.56,False
ACC-153,Data Cloud,937.24,1,39,7.89,True
ACC-154,Pulse Software,1091.35,9,41,7.47,True
ACC-155,Data Innovations,2927.33,11,67,5.02,True
ACC-156,Cyber Works,4613.22,15,37,7.47,True
ACC-157,Cloud Analytics,4833.02,4,28,8.6,False
ACC-158,Orbit Digital,4120.64,11,11,7.91,True
ACC-159,Bright Systems,2546.54,8,74,3.81,True
ACC-160,Pulse Systems,3536.76,15,3,6.2,False
ACC-161,Vector Ops,3245.37,2,81,8.24,False
ACC-162,Logic Cloud,2337.33,4,5,9.46,False
ACC-163,Matrix Systems,937.36,4,49,4.54,False
ACC-164,Bright AI,3143.03,4,53,6.55,False
ACC-165,Prime AI,4725.74,8,4,6.9,True
ACC-166,Core Dynamics,4349.53,3,87,3.67,False
ACC-167,Pulse Tech,2291.63,6,15,9.49,False
ACC-168,Vertex Cloud,1454.48,0,6,7.87,False
ACC-169,Data Innovations,3040.6,2,70,2.07,True
ACC-170,Apex Solutions,3984.66,0,35,8.58,True
ACC-171,Data Networks,1627.94,5,14,6.61,True
ACC-172,Nova Solutions,4054.93,7,75,3.24,True
ACC-173,Quantum Labs,3837.73,3,8,4.76,False
ACC-174,Scale Platform,990.74,7,78,0.43,False
ACC-175,Scale Works,2561.19,0,7,9.99,False
ACC-176,Hyper Cloud,985.83,14,9,8.99,True
ACC-177,Data Systems,1067.86,10,48,9.95,False
ACC-178,Core Networks,3224.42,3,89,1.14,True
ACC-179,Bright Software,4394.72,13,57,8.88,True
ACC-180,Core AI,2371.95,3,40,4.27,False
ACC-181,Pulse Labs,3590.69,15,8,0.91,True
ACC-182,Hyper Systems,3850.65,11,16,5.56,False
ACC-183,Bright Networks,1983.41,3,52,3.54,False
ACC-184,Hyper Digital,4621.3,1,36,6.0,False
ACC-185,Next Networks,1457.32,15,28,8.47,True
ACC-186,Bright Solutions,1016.98,8,73,2.26,True
ACC-187,Bright Innovations,4182.92,0,77,9.29,False
ACC-188,Fusion Tech,1311.87,9,43,3.51,True
ACC-189,Data Platform,3458.05,2,18,7.41,False
ACC-190,Vertex Software,2887.17,12,53,4.54,True
ACC-191,Logic Software,1959.72,2,6,1.56,False
ACC-192,Quantum Cloud,867.12,14,84,4.24,True
ACC-193,Hyper Works,1470.06,3,44,4.3,True
ACC-194,Next Analytics,2871.2,9,5,2.21,False
ACC-195,Quantum Tech,1419.9,6,17,7.64,False
ACC-196,Cloud Tech,2738.23,13,22,1.29,True
ACC-197,Apex Networks,3014.26,11,9,3.97,False
ACC-198,Hyper Tech,2568.89,2,40,5.76,False
ACC-199,Hyper Works,1018.28,0,41,1.72,False
ACC-200,Core Digital,3603.25,11,11,4.37,True
ACC-201,Hyper Platform,2302.02,2,50,8.71,False
ACC-202,Apex Solutions,4006.03,2,65,6.33,False
ACC-203,Nexus Ops,3993.03,11,82,8.15,True
ACC-204,Data Works,1387.72,4,83,0.75,False
ACC-205,Matrix Analytics,3895.01,14,87,9.24,True
ACC-206,Prime Solutions,4389.11,10,19,4.4,False
ACC-207,Logic Innovations,1736.03,1,45,5.07,True
ACC-208,Core Tech,756.01,9,9,6.45,False
ACC-209,Vertex Platform,3173.36,12,59,5.8,False
ACC-210,Quantum Analytics,4590.72,6,41,6.05,False
ACC-211,Quantum Analytics,965.76,10,10,5.05,True
ACC-212,Apex Software,2469.91,14,67,5.23,True
ACC-213,Pulse Ops,1773.02,13,43,6.79,True
ACC-214,Vector Systems,1983.61,12,36,2.52,False
ACC-215,Prime Digital,1176.68,2,74,6.64,False
ACC-216,Logic Cloud,3643.16,12,16,5.95,False
ACC-217,Logic Networks,2195.06,10,16,6.7,False
ACC-218,Scale Systems,3407.11,13,65,3.62,True
ACC-219,Cyber Dynamics,2037.8,15,24,2.27,True
ACC-220,Vertex Works,4299.93,3,64,7.71,False
ACC-221,Scale Tech,3478.68,4,76,3.77,True
ACC-222,Prime Innovations,4561.95,14,5,4.11,False
ACC-223,Apex Analytics,3247.68,14,29,5.34,True
ACC-224,Matrix Ops,4258.01,11,86,9.47,False
ACC-225,Core Innovations,1767.97,12,64,5.27,False
ACC-226,Nexus Innovations,3220.99,8,6,6.41,False
ACC-227,Bright Ops,961.65,3,36,0.84,True
ACC-228,Core Ops,2810.09,13,11,9.46,True
ACC-229,Core Ops,2073.13,0,53,0.53,False
ACC-230,Apex AI,4975.36,11,28,0.28,False
ACC-231,Vector Innovations,1157.22,1,36,9.17,False
ACC-232,Data Innovations,3674.91,14,78,0.05,True
ACC-233,Fusion Dynamics,4257.33,13,14,7.76,True
ACC-234,Cloud Tech,1572.98,14,8,1.11,False
ACC-235,Prime Networks,573.96,7,18,2.91,True
ACC-236,Pulse Dynamics,3067.99,5,85,6.68,True
ACC-237,Pulse Systems,4790.32,0,49,8.73,True
ACC-238,Orbit Solutions,1641.43,0,45,7.89,False
ACC-239,Cloud Innovations,3118.56,10,17,0.44,False
ACC-240,Cyber Digital,4006.14,14,89,4.79,True
ACC-241,Data Systems,3722.2,14,4,2.93,True
ACC-242,Nexus Ops,688.58,9,65,3.98,False
ACC-243,Matrix Works,664.79,6,36,3.57,False
ACC-244,Vector Works,1060.14,11,55,8.89,False
ACC-245,Orbit Solutions,4881.76,15,88,4.98,False
ACC-246,Scale Works,4105.17,13,10,4.31,False
ACC-247,Cyber Networks,1821.95,3,10,3.28,False
ACC-248,Core Platform,3729.48,5,88,4.44,True
ACC-249,Pulse Platform,4991.68,8,81,9.8,False
ACC-250,Vertex Cloud,3368.81,11,65,8.01,False
ACC-251,Nova Labs,4319.01,14,4,1.26,True
ACC-252,Pulse Solutions,2222.84,1,77,1.53,True
ACC-253,Pulse Solutions,2497.73,2,73,1.38,True
ACC-254,Vector Cloud,1754.1,3,3,7.36,False
ACC-255,Orbit Ops,3027.53,8,33,7.04,True
ACC-256,Prime Works,3622.91,15,25,1.23,False
ACC-257,Core Labs,4544.06,14,11,8.11,False
ACC-258,Vector Cloud,2063.41,2,70,5.42,False
ACC-259,Cyber Software,3693.04,5,46,5.09,True
ACC-260,Nexus Innovations,1124.95,15,3,3.61,False
ACC-261,Core Innovations,4923.55,4,78,8.84,True
ACC-262,Orbit Software,3734.91,13,52,8.23,True
ACC-263,Vector Cloud,833.74,14,87,5.17,True
ACC-264,Bright Cloud,3145.04,4,55,5.03,False
ACC-265,Cloud Networks,1188.57,5,20,3.23,False
ACC-266,Pulse Networks,4527.17,2,32,1.96,False
ACC-267,Fusion Labs,3312.6,2,64,6.41,False
ACC-268,Next Labs,1270.4,10,72,0.41,False
ACC-269,Vertex Tech,4768.46,8,83,2.11,True
ACC-270,Prime Cloud,636.29,9,82,9.57,True
ACC-271,Orbit Works,2540.95,1,20,4.4,False
ACC-272,Nexus Solutions,3229.97,10,40,7.34,False
ACC-273,Orbit Labs,3922.99,3,40,2.42,True
ACC-274,Core Dynamics,1133.95,1,37,9.45,False
ACC-275,Hyper Dynamics,4832.09,5,41,9.34,False
ACC-276,Nexus Innovations,1217.04,14,63,8.79,True
ACC-277,Vertex AI,2774.5,7,27,5.83,True
ACC-278,Logic Analytics,3188.83,15,36,5.37,False
ACC-279,Hyper Labs,4471.05,11,51,3.66,True
ACC-280,Next Networks,1375.95,9,9,3.86,False
ACC-281,Bright Works,4213.9,3,16,9.75,False
ACC-282,Vector Networks,4725.27,4,25,6.02,False
ACC-283,Quantum Tech,675.11,10,60,5.19,True
ACC-284,Scale Labs,1975.85,10,20,3.93,False
ACC-285,Logic Platform,2013.68,15,90,5.63,True
ACC-286,Nova Solutions,1990.58,3,53,5.84,False
ACC-287,Nova Platform,2635.66,7,6,5.84,True
ACC-288,Prime Innovations,4285.25,4,87,2.42,True
ACC-289,Cloud Dynamics,585.22,10,53,1.51,False
ACC-290,Hyper Networks,3987.38,15,7,7.06,False
ACC-291,Bright Solutions,4991.55,15,67,3.77,False
ACC-292,Core Ops,2899.07,11,86,7.72,False
ACC-293,Fusion Platform,2678.81,7,35,5.58,True
ACC-294,Logic Innovations,1800.52,6,88,7.05,True
ACC-295,Pulse Networks,4701.65,8,36,1.22,False
ACC-296,Orbit Ops,4910.72,11,18,2.9,True
ACC-297,Vertex Solutions,4658.04,8,61,2.14,False
ACC-298,Fusion Ops,3029.08,8,17,1.09,False
ACC-299,Apex Dynamics,728.44,7,81,2.33,True
ACC-300,Vector Software,2625.82,4,0,9.65,False
ACC-301,Cyber AI,3438.02,15,61,6.51,False
ACC-302,Logic Solutions,1784.37,1,11,6.52,False
ACC-303,Quantum Ops,4646.62,13,22,9.34,True
ACC-304,Orbit Innovations,2729.23,9,4,0.09,False
ACC-305,Cloud Ops,4923.47,9,58,9.89,False
ACC-306,Matrix Ops,4723.52,14,34,1.93,True
ACC-307,Cyber Software,2565.12,8,23,0.14,True
ACC-308,Logic Platform,3534.81,6,22,6.11,False
ACC-309,Orbit Digital,2424.66,10,11,4.01,True
ACC-310,Data Analytics,1956.21,7,0,2.61,True
ACC-311,Fusion Solutions,1858.76,0,33,6.54,False
ACC-312,Quantum Cloud,1032.01,9,20,4.05,False
ACC-313,Logic Software,1028.37,9,47,6.15,True
ACC-314,Data Analytics,1189.34,11,53,7.02,False
ACC-315,Bright Innovations,3488.42,6,31,6.8,False
ACC-316,Vertex Networks,2510.37,11,9,9.17,True
ACC-317,Bright Ops,2774.69,4,21,3.28,False
ACC-318,Cloud Cloud,1424.31,15,11,8.99,False
ACC-319,Quantum Analytics,1093.75,13,58,5.64,True
ACC-320,Logic Software,597.97,8,0,7.46,False
ACC-321,Quantum AI,2050.38,2,69,9.94,False
ACC-322,Vertex Ops,2624.32,9,52,1.8,True
ACC-323,Hyper Solutions,4967.85,12,57,8.7,False
ACC-324,Orbit Systems,3572.29,4,83,8.6,True
ACC-325,Bright AI,2879.79,7,0,7.56,False
ACC-326,Core Cloud,3735.92,13,68,3.79,True
ACC-327,Core Solutions,1198.05,6,14,0.32,False
ACC-328,Prime Innovations,4713.07,0,30,2.06,True
ACC-329,Quantum Analytics,3190.03,1,31,7.41,False
ACC-330,Apex Networks,1477.71,1,17,5.04,False
ACC-331,Next Solutions,3098.64,10,30,3.02,True
ACC-332,Scale Dynamics,2361.02,8,7,5.57,False
ACC-333,Cyber Cloud,3554.38,15,6,9.72,False
ACC-334,Orbit Innovations,2860.08,13,52,1.49,True
ACC-335,Bright Analytics,1584.36,7,38,8.58,True
ACC-336,Core Ops,759.31,13,53,5.57,True
ACC-337,Apex Works,1415.02,2,57,8.47,True
ACC-338,Nexus Tech,1708.08,1,9,1.88,False
ACC-339,Bright Dynamics,2657.27,10,38,9.57,True
ACC-340,Nexus Software,1027.92,15,31,6.96,False
ACC-341,Orbit Ops,1576.99,10,36,3.81,True
ACC-342,Pulse Works,1677.03,15,59,0.99,False
ACC-343,Matrix Innovations,4278.79,6,47,3.13,True
ACC-344,Apex Software,1156.65,8,70,9.35,False
ACC-345,Hyper Works,1185.85,10,29,3.8,False
ACC-346,Matrix Networks,3445.74,10,32,7.63,False
ACC-347,Matrix Analytics,1257.05,11,21,1.4,False
ACC-348,Cyber Ops,4502.14,1,67,0.34,False
ACC-349,Quantum Innovations,528.73,4,80,2.31,False
ACC-350,Nova Dynamics,2775.8,11,7,6.18,False
ACC-351,Prime Ops,2674.42,15,2,0.07,False
ACC-352,Nova Tech,2882.38,8,68,9.77,True
ACC-353,Hyper Innovations,4728.7,5,13,9.18,False
ACC-354,Apex Dynamics,3289.01,8,45,2.67,True
ACC-355,Pulse AI,2565.49,7,89,2.26,True
ACC-356,Vertex Cloud,4962.54,1,11,4.05,False
ACC-357,Matrix Tech,3365.37,5,10,5.0,False
ACC-358,Vector Platform,4897.98,3,67,9.19,True
ACC-359,Next Analytics,1719.93,2,87,9.26,False
ACC-360,Next Cloud,648.06,10,2,9.61,False
ACC-361,Orbit Ops,846.22,5,72,2.4,False
ACC-362,Orbit Cloud,4534.37,10,49,7.56,True
ACC-363,Vertex Networks,3854.55,11,6,0.98,True
ACC-364,Vertex Solutions,3223.26,12,41,0.3,True
ACC-365,Core Analytics,1526.62,12,55,1.86,True
ACC-366,Orbit Systems,3974.75,9,31,7.13,True
ACC-367,Data AI,3702.55,4,49,3.17,True
ACC-368,Nova Works,2501.31,8,13,1.33,True
ACC-369,Core Networks,2996.33,13,13,0.26,True
ACC-370,Vertex Platform,3191.2,10,49,0.12,True
ACC-371,Vertex Software,4555.11,7,73,5.21,False
ACC-372,Cyber Labs,1710.14,8,63,1.46,True
ACC-373,Fusion AI,1848.89,2,46,2.52,True
ACC-374,Matrix Platform,3275.01,14,13,1.35,True
ACC-375,Orbit Solutions,4287.26,12,42,4.4,True
ACC-376,Prime Labs,1851.96,6,61,3.14,False
ACC-377,Vector Works,3806.93,15,73,7.82,True
ACC-378,Fusion Digital,4036.4,11,14,9.32,True
ACC-379,Bright Labs,3567.71,0,59,9.43,True
ACC-380,Logic Digital,3617.76,13,86,4.99,True
ACC-381,Apex Works,3463.98,13,48,0.74,False
ACC-382,Matrix Platform,2303.62,13,69,0.37,False
ACC-383,Bright Platform,3371.81,2,13,7.69,False
ACC-384,Pulse Labs,3411.5,1,72,9.84,False
ACC-385,Orbit Innovations,1992.19,13,13,0.11,True
ACC-386,Scale Software,2834.59,7,57,3.74,True
ACC-387,Next Software,2752.1,11,3,4.83,True
ACC-388,Vertex Systems,4240.93,4,44,3.12,False
ACC-389,Nexus Networks,2673.17,15,12,4.38,False
ACC-390,Vector Systems,1851.19,3,2,8.49,False
ACC-391,Cyber Ops,4927.55,7,66,1.74,True
ACC-392,Bright AI,4813.08,7,51,6.3,True
ACC-393,Hyper AI,631.37,6,57,5.92,True
ACC-394,Nexus Dynamics,1752.55,2,73,1.02,False
ACC-395,Cyber Solutions,1966.93,14,14,2.62,False
ACC-396,Scale Cloud,1910.32,12,78,3.93,True
ACC-397,Pulse Digital,2560.37,5,86,7.06,True
ACC-398,Prime Platform,881.38,4,40,1.18,True
ACC-399,Cyber Solutions,3620.46,12,53,5.96,True
ACC-400,Hyper Labs,2690.02,5,71,1.67,True
ACC-401,Cyber Solutions,4288.93,1,45,9.52,False
ACC-402,Nexus Digital,2227.75,15,52,6.85,True
ACC-403,Core Analytics,1252.64,0,28,2.92,True
ACC-404,Bright Works,1256.94,14,72,7.43,False
ACC-405,Bright Networks,1009.45,3,34,7.75,False
ACC-406,Pulse Networks,4201.75,1,56,5.46,False
ACC-407,Cloud Software,4235.32,7,38,8.75,True
ACC-408,Fusion Solutions,4379.9,2,56,8.65,True
ACC-409,Apex Dynamics,4148.16,11,90,6.1,True
ACC-410,Prime Labs,4031.82,6,7,5.7,False
ACC-411,Prime Networks,1257.7,9,37,5.73,False
ACC-412,Scale Ops,3556.85,3,17,9.63,False
ACC-413,Quantum Works,4401.71,4,89,8.66,True
ACC-414,Vector Digital,1614.0,12,62,1.42,True
ACC-415,Hyper AI,2533.96,2,51,5.16,True
ACC-416,Pulse Analytics,4776.14,10,74,0.02,False
ACC-417,Vertex Software,4874.68,11,8,7.96,False
ACC-418,Hyper Digital,1453.33,8,41,8.28,True
ACC-419,Next Labs,3047.64,15,43,8.94,False
ACC-420,Quantum Systems,3317.81,14,2,1.24,False
ACC-421,Core Analytics,503.04,13,25,9.96,False
ACC-422,Logic Labs,4434.91,8,11,6.55,True
ACC-423,Pulse Cloud,4567.1,5,6,3.96,False
ACC-424,Apex AI,3449.68,3,0,2.13,True
ACC-425,Next Dynamics,2837.5,14,1,0.08,True
ACC-426,Cloud Digital,2400.41,4,61,0.71,True
ACC-427,Cloud Systems,1910.08,9,17,3.83,False
ACC-428,Data Cloud,4968.23,4,8,5.31,True
ACC-429,Cyber Analytics,2080.34,6,80,7.48,False
ACC-430,Prime Cloud,2490.73,6,11,8.97,True
ACC-431,Cloud Platform,3785.04,11,54,3.15,True
ACC-432,Fusion Cloud,879.12,9,88,0.27,True
ACC-433,Logic Dynamics,2829.87,6,50,2.96,True
ACC-434,Apex Analytics,2236.49,7,63,6.38,True
ACC-435,Nova Solutions,4702.66,4,49,8.61,False
ACC-436,Pulse Networks,3573.24,15,9,0.17,True
ACC-437,Fusion Dynamics,679.22,1,50,5.07,False
ACC-438,Scale Innovations,2369.44,12,10,6.41,False
ACC-439,Data Works,876.19,2,65,9.21,False
ACC-440,Data Networks,1970.38,2,39,6.99,False
ACC-441,Apex Tech,1600.16,13,14,4.53,False
ACC-442,Logic Cloud,3837.62,5,15,0.13,True
ACC-443,Nova Labs,2733.86,11,66,5.17,False
ACC-444,Fusion Labs,2173.41,8,15,7.71,True
ACC-445,Hyper Works,2857.34,8,73,6.28,True
ACC-446,Scale Solutions,749.48,5,47,1.57,False
ACC-447,Next Cloud,3752.5,7,65,0.03,False
ACC-448,Nova Dynamics,706.92,11,49,9.2,True
ACC-449,Quantum Networks,4114.02,13,28,3.22,True
ACC-450,Vector Works,4216.99,11,15,5.02,False
ACC-451,Cyber Dynamics,4119.52,1,51,0.69,True
ACC-452,Logic Innovations,4301.81,10,11,5.53,True
ACC-453,Nexus Works,3037.13,9,79,2.43,True
ACC-454,Matrix Innovations,3991.49,7,19,0.06,True
ACC-455,Apex Networks,2058.91,0,42,0.01,False
ACC-456,Logic Systems,1423.37,7,53,4.92,True
ACC-457,Data Software,1759.21,1,29,8.97,False
ACC-458,Pulse Analytics,4885.5,2,74,0.96,True
ACC-459,Orbit Systems,3163.53,1,55,6.62,True
ACC-460,Logic Works,4329.11,12,89,8.32,True
ACC-461,Core Works,1551.25,6,17,7.8,False
ACC-462,Data Systems,1239.69,14,40,4.07,True
ACC-463,Nexus Analytics,1887.38,8,15,0.9,False
ACC-464,Logic Digital,3671.17,1,27,8.36,False
ACC-465,Vertex Software,1616.98,11,50,5.13,False
ACC-466,Fusion Digital,4958.04,0,51,8.55,False
ACC-467,Bright Dynamics,926.26,3,17,1.21,True
ACC-468,Apex Labs,1391.6,12,47,6.86,False
ACC-469,Vertex Platform,3137.53,2,2,9.97,False
ACC-470,Core Innovations,1079.56,10,15,0.43,True
ACC-471,Cyber Ops,3082.48,12,63,0.29,True
ACC-472,Cyber Solutions,1466.22,5,35,2.8,False
ACC-473,Quantum Platform,3286.29,7,82,2.95,True
ACC-474,Bright Analytics,774.41,8,49,1.37,True
ACC-475,Scale Dynamics,3338.39,0,48,7.82,False
ACC-476,Bright Innovations,2681.06,10,49,2.7,True
ACC-477,Prime Dynamics,631.87,8,7,8.09,False
ACC-478,Pulse Innovations,3127.95,7,20,1.0,False
ACC-479,Fusion Networks,4173.28,1,28,5.76,False
ACC-480,Orbit Solutions,4708.43,5,22,2.37,True
ACC-481,Pulse Ops,3162.03,11,72,5.64,True
ACC-482,Nexus Digital,4946.03,15,69,3.09,True
ACC-483,Vertex Tech,1546.81,7,2,5.26,True
ACC-484,Prime Dynamics,4129.0,10,22,9.19,False
ACC-485,Vector Tech,598.61,4,14,8.46,False
ACC-486,Vertex Solutions,3670.42,12,75,1.01,True
ACC-487,Data Labs,3795.58,13,81,9.61,True
ACC-488,Cyber Software,4859.34,11,28,6.66,False
ACC-489,Orbit Works,3802.98,9,16,1.78,True
ACC-490,Next AI,4328.41,1,23,6.02,False
ACC-491,Prime Dynamics,3378.41,3,63,1.41,False
ACC-492,Apex Solutions,4920.71,5,81,8.85,True
ACC-493,Vector Analytics,551.28,6,31,6.93,True
ACC-494,Cloud Software,505.77,12,56,7.33,False
ACC-495,Hyper Analytics,4467.97,11,69,3.75,False
ACC-496,Next Cloud,3912.1,7,20,4.51,False
ACC-497,Quantum Works,590.35,8,13,0.74,True
ACC-498,Orbit Labs,3793.93,2,43,5.94,False
ACC-499,Matrix Software,639.47,5,77,8.9,True
ACC-500,Cloud Solutions,1424.98,6,52,6.97,False
ACC-501,Bright Works,3472.69,9,30,0.96,True
ACC-502,Bright Digital,2709.27,1,46,0.04,True
ACC-503,Prime Analytics,1398.54,0,26,1.71,True
ACC-504,Vertex Analytics,4296.96,9,50,4.71,False
ACC-505,Fusion Systems,3388.4,12,23,3.71,True
ACC-506,Cyber Analytics,700.78,14,59,2.63,False
ACC-507,Next Tech,1180.09,3,10,6.68,False
ACC-508,Hyper Innovations,3153.77,1,49,8.18,False
ACC-509,Bright Cloud,4401.02,15,73,8.82,True
ACC-510,Vertex AI,4562.5,1,64,5.71,False
ACC-511,Next Cloud,4922.4,4,15,9.49,False
ACC-512,Cyber Dynamics,4138.07,4,5,4.23,False
ACC-513,Hyper Dynamics,4987.71,4,76,2.58,False
ACC-514,Vertex Systems,2246.45,12,70,3.26,True
ACC-515,Core Ops,4430.6,13,14,4.14,True
ACC-516,Next Platform,3912.7,3,13,5.63,True
ACC-517,Logic Digital,2910.35,11,52,2.64,False
ACC-518,Next Platform,2628.71,5,35,4.03,False
ACC-519,Orbit Tech,2281.07,10,88,2.38,True
ACC-520,Fusion Ops,2175.98,10,38,3.11,False
ACC-521,Cloud Digital,1525.81,9,56,7.74,True
ACC-522,Hyper Platform,3405.0,6,56,2.11,False
ACC-523,Matrix Innovations,2824.26,11,7,5.15,True
ACC-524,Logic Software,2780.58,4,67,8.79,True
ACC-525,Nexus Ops,4248.18,1,31,0.33,True
ACC-526,Pulse Software,1395.99,11,59,5.05,True
ACC-527,Cloud Cloud,637.53,11,62,5.94,True
ACC-528,Matrix Platform,2981.0,11,20,8.38,True
ACC-529,Vertex Works,623.53,1,20,8.54,False
ACC-530,Nexus Digital,1496.08,7,86,2.07,True
ACC-531,Scale Tech,4390.83,0,60,9.12,False
ACC-532,Prime Innovations,538.09,8,77,8.05,True
ACC-533,Fusion AI,4529.67,11,58,2.52,True
ACC-534,Scale Digital,3306.23,3,0,5.12,False
ACC-535,Pulse Networks,3413.04,9,38,6.84,False
ACC-536,Vector Works,3382.68,8,33,6.56,False
ACC-537,Logic Dynamics,1174.68,7,7,8.05,False
ACC-538,Prime AI,3472.39,4,3,6.55,False
ACC-539,Fusion Ops,2383.55,12,4,5.83,False
ACC-540,Nexus Solutions,3769.47,7,87,5.35,False
ACC-541,Pulse Networks,1850.88,5,84,8.76,True
ACC-542,Cloud Analytics,1075.75,8,71,7.63,True
ACC-543,Vector Cloud,901.85,11,28,7.44,True
ACC-544,Vector Solutions,1672.52,9,59,8.51,True
ACC-545,Next Platform,4749.35,2,60,8.89,False
ACC-546,Orbit Networks,1842.6,1,19,1.37,True
ACC-547,Hyper Platform,4517.8,14,18,3.16,False
ACC-548,Vertex Analytics,1996.83,5,40,6.34,True
ACC-549,Fusion Dynamics,3925.37,5,73,7.64,True
ACC-550,Vertex Labs,3265.16,13,51,4.29,True
ACC-551,Nova Tech,2902.02,11,1,8.92,False
ACC-552,Scale Dynamics,580.62,0,80,7.34,True
ACC-553,Pulse Works,1080.19,12,64,5.89,True
ACC-554,Quantum Works,4768.09,14,66,5.96,True
ACC-555,Data Solutions,4982.63,15,45,7.5,True
ACC-556,Orbit Tech,1527.88,4,27,7.34,False
ACC-557,Cyber Systems,2149.66,1,48,8.77,True
ACC-558,Bright Platform,718.64,1,84,1.08,False
ACC-559,Quantum Software,1021.05,14,48,1.24,True
ACC-560,Data Dynamics,3628.36,0,38,4.21,True
ACC-561,Scale Works,3302.59,4,53,8.31,True
ACC-562,Prime Systems,1772.18,3,63,1.99,True
ACC-563,Fusion Digital,2854.16,6,45,7.03,True
ACC-564,Quantum Networks,2733.6,6,88,9.33,True
ACC-565,Nova Tech,3522.35,3,73,6.69,True
ACC-566,Vertex Innovations,2802.67,3,32,6.44,False
ACC-567,Logic Works,2589.25,3,22,8.74,False
ACC-568,Pulse Innovations,3545.45,13,14,0.95,False
ACC-569,Quantum Tech,4333.99,5,42,3.58,True
ACC-570,Prime Works,4453.14,2,47,8.15,True
ACC-571,Orbit AI,4830.39,8,49,6.9,False
ACC-572,Hyper Cloud,4487.56,5,14,1.33,False
ACC-573,Cyber Systems,2372.12,15,72,6.78,True
ACC-574,Orbit Innovations,2113.7,0,87,8.8,False
ACC-575,Data Analytics,4641.79,3,52,4.41,True
ACC-576,Vector Tech,3670.56,7,85,8.73,True
ACC-577,Prime Systems,2447.82,7,61,3.46,False
ACC-578,Orbit Labs,4275.65,1,1,6.43,False
ACC-579,Matrix Digital,2731.26,5,9,7.51,False
ACC-580,Vector Works,726.58,7,70,6.43,True
ACC-581,Apex Systems,2565.93,14,11,8.57,False
ACC-582,Cloud Analytics,3853.58,0,13,4.03,True
ACC-583,Bright Tech,4216.59,9,65,5.62,False
ACC-584,Core Solutions,2135.04,1,28,8.44,False
ACC-585,Prime Platform,2629.1,11,57,1.14,False
ACC-586,Apex Tech,2036.11,9,70,5.22,False
ACC-587,Quantum Ops,1238.7,4,52,1.07,False
ACC-588,Nexus Systems,4685.97,12,27,4.57,False
ACC-589,Vector Systems,3907.17,1,81,8.37,False
ACC-590,Core Analytics,3463.06,4,63,0.04,False
ACC-591,Bright Ops,2447.65,15,65,7.81,False
ACC-592,Next Labs,3787.23,4,13,3.87,False
ACC-593,Vector Networks,4466.26,13,77,9.16,False
ACC-594,Fusion AI,4836.17,9,57,8.05,True
ACC-595,Prime Software,4488.97,9,89,5.48,True
ACC-596,Bright Cloud,1478.04,6,79,7.14,False
ACC-597,Data Software,3425.39,5,64,5.42,False
ACC-598,Cloud Innovations,2085.07,15,74,5.71,True
ACC-599,Hyper Cloud,3865.41,9,54,8.08,False
ACC-600,Nova AI,1153.97,1,25,2.67,False
ACC-601,Logic Cloud,1627.52,1,88,7.84,True
ACC-602,Bright Tech,2114.07,14,13,6.16,False
ACC-603,Bright Digital,1509.38,12,30,5.11,False
ACC-604,Logic Software,3490.22,12,49,4.17,False
ACC-605,Vector Networks,742.11,8,25,6.21,False
ACC-606,Core Digital,1514.97,11,75,5.47,True
ACC-607,Nexus Works,2519.67,2,23,9.62,False
ACC-608,Cloud AI,682.85,8,71,2.64,True
ACC-609,Fusion Tech,1987.53,4,5,1.54,False
ACC-610,Quantum Innovations,4695.72,9,62,7.9,False
ACC-611,Vertex Innovations,3684.57,7,23,5.21,False
ACC-612,Cyber AI,2943.86,12,11,3.49,False
ACC-613,Vector Solutions,2123.59,6,79,5.3,False
ACC-614,Nova Systems,3510.22,14,30,9.04,False
ACC-615,Prime Dynamics,4815.04,10,48,9.16,False
ACC-616,Orbit Works,2931.07,9,3,9.11,False
ACC-617,Pulse Networks,4112.68,14,62,0.44,False
ACC-618,Nexus Solutions,2812.53,3,21,9.72,False
ACC-619,Bright Tech,3321.2,6,85,6.3,True
ACC-620,Hyper Digital,967.67,13,82,8.17,True
ACC-621,Data Tech,2566.51,10,4,0.88,True
ACC-622,Fusion Networks,816.99,7,33,4.08,True
ACC-623,Orbit AI,1923.82,12,86,1.18,True
ACC-624,Prime Systems,3901.82,1,89,8.48,True
ACC-625,Scale Systems,1804.26,9,77,0.87,True
ACC-626,Core AI,2278.01,0,60,1.56,True
ACC-627,Orbit Innovations,4088.68,9,81,1.44,True
ACC-628,Pulse Tech,2990.86,4,15,0.42,False
ACC-629,Orbit Networks,2963.86,2,39,2.1,False
ACC-630,Pulse Dynamics,2356.95,4,20,1.84,False
ACC-631,Fusion Dynamics,1015.8,1,70,4.61,False
ACC-632,Logic Cloud,803.13,3,25,7.26,False
ACC-633,Vector Solutions,1076.97,7,12,2.85,True
ACC-634,Nexus Solutions,2686.38,10,78,6.59,False
ACC-635,Data Platform,3050.88,10,54,1.69,True
ACC-636,Apex Software,3829.17,13,35,8.4,True
ACC-637,Vector Ops,2659.79,14,45,7.75,True
ACC-638,Cloud Labs,3404.98,2,35,8.59,True
ACC-639,Bright Dynamics,1684.56,2,9,8.92,False
ACC-640,Nova Digital,3118.51,12,75,2.13,True
ACC-641,Fusion Networks,4522.94,15,83,7.75,True
ACC-642,Apex Ops,3974.65,9,17,4.65,False
ACC-643,Orbit Solutions,2759.75,7,78,6.84,False
ACC-644,Data Analytics,1216.5,4,61,9.39,True
ACC-645,Matrix Dynamics,782.88,11,29,0.43,True
ACC-646,Pulse AI,2613.53,14,5,0.4,False
ACC-647,Cloud Software,4857.99,8,33,5.79,False
ACC-648,Orbit Cloud,2203.33,2,66,2.52,False
ACC-649,Apex Networks,2326.29,11,62,7.93,False
ACC-650,Nova Networks,4469.15,14,21,2.3,True
ACC-651,Fusion Dynamics,1176.08,5,46,6.02,False
ACC-652,Apex AI,4150.28,3,61,6.75,False
ACC-653,Next Labs,3412.67,13,2,2.44,True
ACC-654,Next Labs,1106.26,1,73,1.47,True
ACC-655,Cyber Networks,4812.07,0,84,8.21,False
ACC-656,Nexus Analytics,3229.37,15,61,1.71,False
ACC-657,Prime Labs,4075.77,5,79,6.6,True
ACC-658,Vector Ops,2540.62,2,29,3.78,True
ACC-659,Nova Dynamics,2852.2,13,19,6.06,True
ACC-660,Prime Platform,675.66,3,11,4.82,True
ACC-661,Prime Networks,4223.85,13,66,4.21,False
ACC-662,Scale AI,1532.69,15,48,3.51,False
ACC-663,Next Systems,2414.7,8,61,7.66,False
ACC-664,Vertex Works,3192.32,13,32,1.89,False
ACC-665,Nova Platform,2851.43,0,48,6.55,False
ACC-666,Vector AI,2130.21,4,54,6.52,True
ACC-667,Bright AI,3041.02,8,87,3.97,True
ACC-668,Bright Innovations,3009.03,5,47,5.59,False
ACC-669,Logic Platform,2049.6,12,17,8.55,False
ACC-670,Apex Analytics,4023.99,5,12,2.14,False
ACC-671,Vector Innovations,2977.59,1,20,3.89,False
ACC-672,Vertex Digital,1153.98,13,11,0.64,True
ACC-673,Vertex Platform,669.9,12,51,6.14,True
ACC-674,Prime Tech,4755.72,5,81,4.94,True
ACC-675,Scale Works,1376.36,7,78,1.69,True
ACC-676,Apex Cloud,501.29,5,11,9.97,False
ACC-677,Pulse Cloud,2278.14,6,66,0.15,False
ACC-678,Vertex Networks,1780.22,11,44,9.63,True
ACC-679,Prime Dynamics,2546.42,12,73,0.05,True
ACC-680,Scale Systems,3013.84,9,43,9.47,False
ACC-681,Fusion Ops,2920.57,8,88,4.43,True
ACC-682,Matrix Innovations,1594.73,10,58,6.82,False
ACC-683,Nova Analytics,1023.21,2,48,6.34,False
ACC-684,Apex Innovations,1920.79,11,66,5.36,False
ACC-685,Fusion Dynamics,1792.8,12,86,7.49,True
ACC-686,Bright Ops,1303.19,10,45,2.19,True
ACC-687,Cyber Software,3573.98,6,63,7.37,True
ACC-688,Apex Digital,1694.32,7,25,8.35,False
ACC-689,Pulse Labs,4005.22,3,10,6.76,False
ACC-690,Prime Tech,3939.1,1,61,3.71,True
ACC-691,Next Digital,1736.3,5,65,2.8,True
ACC-692,Next Labs,743.67,13,61,9.4,True
ACC-693,Pulse AI,4371.8,5,58,9.77,False
ACC-694,Core Solutions,3601.45,0,86,2.11,True
ACC-695,Vector Solutions,3257.5,8,23,5.49,True
ACC-696,Matrix Platform,2043.93,5,63,4.24,True
ACC-697,Pulse Solutions,4344.47,8,57,1.8,True
ACC-698,Next Cloud,1528.55,3,34,8.04,False
ACC-699,Orbit Dynamics,1156.3,4,60,8.06,True
ACC-700,Matrix Labs,4980.03,10,62,3.0,True
ACC-701,Next Tech,2292.81,5,7,2.15,True
ACC-702,Cloud Analytics,3850.67,8,46,3.6,False
ACC-703,Fusion Solutions,589.26,3,44,8.67,False
ACC-704,Nexus Platform,3091.53,5,36,3.55,False
ACC-705,Matrix Innovations,3814.37,2,48,6.14,False
ACC-706,Data Digital,1254.09,10,53,6.31,True
ACC-707,Vertex Systems,1229.0,7,40,3.17,True
ACC-708,Fusion Platform,3400.9,8,56,7.81,False
ACC-709,Next Networks,4844.87,13,21,1.84,True
ACC-710,Apex Cloud,1632.41,2,26,1.67,True
ACC-711,Vertex Ops,4454.11,1,3,7.71,False
ACC-712,Vertex Systems,1681.04,4,10,6.55,False
ACC-713,Logic Dynamics,1613.28,9,56,6.26,True
ACC-714,Cyber Tech,658.2,11,41,8.64,True
ACC-715,Bright Ops,1725.86,14,17,9.7,False
ACC-716,Cyber Platform,3189.13,13,67,6.4,True
ACC-717,Pulse Analytics,2928.51,2,56,3.08,True
ACC-718,Data Works,547.5,4,44,2.87,False
ACC-719,Matrix Innovations,2646.8,0,55,7.98,False
ACC-720,Nova Networks,2181.4,13,71,4.37,True
ACC-721,Orbit Digital,2202.61,8,10,4.22,True
ACC-722,Prime Innovations,3622.66,8,36,6.48,False
ACC-723,Fusion AI,1346.0,2,23,1.37,True
ACC-724,Core Platform,2537.45,15,24,3.21,True
ACC-725,Bright Tech,1336.72,3,36,2.69,False
ACC-726,Nova Dynamics,905.89,0,63,2.17,True
ACC-727,Matrix Solutions,2586.58,1,42,0.8,False
ACC-728,Data Tech,1699.27,12,9,5.43,True
ACC-729,Fusion Digital,2217.1,0,15,9.75,False
ACC-730,Orbit Innovations,4887.37,7,4,1.99,False
ACC-731,Cloud Networks,3497.04,6,60,3.89,False
ACC-732,Vector Labs,3331.24,1,70,5.21,True
ACC-733,Logic Dynamics,2121.92,1,85,2.18,True
ACC-734,Hyper Solutions,567.8,8,74,1.2,False
ACC-735,Nova Tech,3114.85,15,88,5.96,True
ACC-736,Vertex Dynamics,1209.64,2,87,6.19,False
ACC-737,Quantum Tech,2099.83,4,89,5.36,True
ACC-738,Matrix Dynamics,1925.33,11,56,7.33,True
ACC-739,Orbit Solutions,3759.8,8,5,4.85,False
ACC-740,Logic Networks,3636.67,6,72,1.87,True
ACC-741,Core Works,4404.48,5,8,5.31,False
ACC-742,Fusion Networks,2152.01,0,81,5.06,False
ACC-743,Nova Platform,4355.73,7,41,7.21,False
ACC-744,Bright Digital,2243.71,15,70,1.54,True
ACC-745,Hyper Cloud,1949.11,3,66,6.59,True
ACC-746,Data Labs,4430.72,6,13,4.85,True
ACC-747,Next Cloud,4263.35,15,67,6.24,True
ACC-748,Quantum Solutions,1493.25,2,1,9.3,False
ACC-749,Matrix Ops,4503.95,2,59,8.01,True
ACC-750,Bright Software,4722.1,13,47,7.94,True
ACC-751,Prime Works,2880.59,2,38,0.78,True
ACC-752,Scale Systems,955.51,7,68,3.85,True
ACC-753,Apex Platform,3313.96,5,71,7.49,True
ACC-754,Cloud Innovations,3373.81,11,86,4.59,True
ACC-755,Cloud Labs,4066.08,12,64,3.38,True
ACC-756,Prime Analytics,4700.84,10,70,9.91,True
ACC-757,Pulse AI,3938.83,13,41,6.08,False
ACC-758,Nexus AI,3945.69,8,46,9.62,False
ACC-759,Orbit Tech,3768.41,9,76,0.16,True
ACC-760,Logic Tech,1851.5,7,27,8.56,True
ACC-761,Fusion Ops,2991.48,4,12,0.38,False
ACC-762,Data Works,2151.87,7,29,2.56,True
ACC-763,Next AI,3060.79,6,9,7.24,False
ACC-764,Cyber Analytics,4215.67,3,76,6.42,True
ACC-765,Next AI,853.15,1,42,3.48,False
ACC-766,Hyper Ops,4405.24,7,83,8.49,False
ACC-767,Orbit Tech,1871.53,1,40,5.4,True
ACC-768,Scale Software,1493.59,1,86,7.32,True
ACC-769,Core Innovations,3178.09,2,28,4.32,False
ACC-770,Data Labs,2012.76,15,73,7.45,True
ACC-771,Fusion Systems,2293.37,13,89,1.3,True
ACC-772,Bright Dynamics,2695.37,6,71,6.16,False
ACC-773,Apex Dynamics,822.4,13,41,6.85,False
ACC-774,Cloud Cloud,2361.12,11,44,1.9,True
ACC-775,Nova Innovations,1871.68,11,78,8.22,False
ACC-776,Prime Labs,2482.09,7,25,6.85,True
ACC-777,Vertex Systems,3828.12,7,79,9.27,False
ACC-778,Logic Tech,2044.72,3,39,4.5,True
ACC-779,Nexus Software,2921.02,6,69,5.23,True
ACC-780,Matrix Platform,3784.66,4,88,6.99,True
ACC-781,Next Ops,3485.88,1,32,1.7,True
ACC-782,Prime Works,738.88,0,8,3.89,False
ACC-783,Pulse Digital,985.51,9,83,3.87,False
ACC-784,Scale Software,948.22,10,62,8.67,True
ACC-785,Cyber Dynamics,2752.93,14,71,9.26,True
ACC-786,Apex Ops,2882.37,10,62,3.93,True
ACC-787,Pulse Cloud,2083.61,9,30,9.96,False
ACC-788,Fusion Innovations,779.04,8,49,8.9,False
ACC-789,Nova Networks,4771.02,7,19,3.42,False
ACC-790,Data Systems,3784.5,7,53,2.4,True
ACC-791,Logic Ops,3224.16,14,69,1.32,True
ACC-792,Next Networks,3578.22,6,17,3.09,False
ACC-793,Scale Ops,1108.64,4,83,9.33,False
ACC-794,Vector Systems,3008.03,3,23,3.18,False
ACC-795,Nova Innovations,1934.09,13,52,3.03,False
ACC-796,Fusion Labs,4005.99,3,16,1.85,False
ACC-797,Prime Platform,1700.88,7,76,2.32,True
ACC-798,Pulse Systems,3596.64,15,17,5.02,False
ACC-799,Pulse Labs,4334.58,15,60,1.38,True
ACC-800,Quantum AI,3940.42,0,34,9.5,False
ACC-801,Nexus Innovations,1420.53,5,56,8.67,False
ACC-802,Vector Digital,2558.95,7,54,4.05,True
ACC-803,Orbit Software,1908.04,1,66,1.09,True
ACC-804,Quantum Ops,4981.26,12,5,5.58,False
ACC-805,Quantum Dynamics,1810.31,12,38,7.74,True
ACC-806,Cyber AI,1824.89,1,88,5.17,True
ACC-807,Core Systems,3751.91,3,23,7.79,False
ACC-808,Bright Labs,2268.8,10,57,0.25,True
ACC-809,Nexus Ops,2546.07,8,41,6.92,False
ACC-810,Cyber Software,3799.68,2,14,7.06,False
ACC-811,Vertex Networks,3682.76,5,48,5.5,True
ACC-812,Cyber Ops,2008.37,4,20,8.69,True
ACC-813,Quantum AI,1886.28,14,36,6.26,True
ACC-814,Data Dynamics,515.9,8,1,4.59,False
ACC-815,Bright Innovations,525.88,15,30,2.17,False
ACC-816,Core AI,2488.44,0,31,8.82,False
ACC-817,Bright Digital,4213.64,1,23,1.48,False
ACC-818,Quantum Labs,4342.23,9,42,9.2,True
ACC-819,Hyper Labs,1226.01,9,78,6.61,False
ACC-820,Next Innovations,3029.8,14,74,3.6,True
ACC-821,Logic Solutions,2158.56,12,8,7.58,False
ACC-822,Vertex Works,2618.68,3,88,8.59,True
ACC-823,Hyper Networks,1444.3,6,78,0.58,True
ACC-824,Scale Systems,2676.48,9,54,6.09,True
ACC-825,Scale Platform,4977.61,11,16,6.14,False
ACC-826,Matrix Analytics,4135.91,7,90,2.9,True
ACC-827,Cloud Tech,2591.99,3,26,8.0,False
ACC-828,Hyper Tech,2002.07,6,1,6.41,False
ACC-829,Fusion Innovations,805.26,9,64,5.5,False
ACC-830,Cloud Cloud,1999.77,12,72,6.16,True
ACC-831,Cyber Dynamics,1987.32,10,86,4.79,True
ACC-832,Quantum Cloud,1110.89,4,80,4.61,False
ACC-833,Vector Analytics,4027.95,13,7,8.35,True
ACC-834,Vector Networks,2911.48,6,73,6.85,False
ACC-835,Pulse Systems,4863.26,8,3,3.39,False
ACC-836,Bright Digital,1246.86,12,23,5.95,False
ACC-837,Logic Software,4360.19,1,34,4.14,False
ACC-838,Apex Solutions,2533.58,9,27,5.25,True
ACC-839,Pulse Innovations,668.28,6,11,4.44,True
ACC-840,Matrix Ops,2750.24,6,43,9.24,False
ACC-841,Scale Works,3989.9,4,12,8.22,False
ACC-842,Data Dynamics,3760.57,14,49,7.14,True
ACC-843,Nova Works,4695.52,2,42,4.67,True
ACC-844,Scale Innovations,3465.43,9,2,5.78,False
ACC-845,Nexus Solutions,1402.5,9,35,5.32,False
ACC-846,Cloud Works,1171.94,8,14,0.15,False
ACC-847,Scale Systems,1429.6,11,70,3.18,True
ACC-848,Logic Platform,1601.71,2,39,6.13,True
ACC-849,Core Tech,1085.33,15,86,0.5,True
ACC-850,Vertex AI,2263.63,14,78,3.56,True
ACC-851,Nexus Software,3912.81,2,59,5.68,True
ACC-852,Core Systems,2550.13,14,60,2.32,True
ACC-853,Prime Works,4607.88,12,23,7.0,False
ACC-854,Vector Analytics,2693.78,2,60,1.13,True
ACC-855,Cyber Works,3955.74,4,65,1.03,False
ACC-856,Cloud Solutions,3002.67,2,38,5.33,False
ACC-857,Hyper Dynamics,3293.94,5,61,3.84,True
ACC-858,Next AI,4029.41,13,72,7.87,True
ACC-859,Apex Labs,3481.76,2,73,8.37,True
ACC-860,Prime Analytics,1964.2,3,56,1.76,False
ACC-861,Vertex Platform,989.35,12,41,4.94,False
ACC-862,Vertex Dynamics,4176.65,0,18,6.61,False
ACC-863,Logic AI,3270.07,14,25,2.06,False
ACC-864,Logic Platform,4074.56,9,55,7.18,False
ACC-865,Vertex Platform,536.54,12,16,8.53,True
ACC-866,Bright Tech,503.79,11,14,8.61,False
ACC-867,Apex AI,3660.0,12,80,3.18,True
ACC-868,Orbit AI,2953.03,5,60,1.39,True
ACC-869,Pulse Digital,2377.56,9,85,1.26,True
ACC-870,Nova Labs,3746.03,15,84,4.37,False
ACC-871,Vertex Labs,3390.09,13,58,8.94,False
ACC-872,Hyper Platform,1309.09,13,70,8.2,True
ACC-873,Apex Labs,2411.47,0,73,4.98,False
ACC-874,Scale Works,2348.77,11,4,9.78,False
ACC-875,Pulse Systems,3111.21,2,18,7.3,False
ACC-876,Fusion Analytics,2826.27,2,31,4.72,False
ACC-877,Vertex Cloud,3351.59,9,78,0.53,True
ACC-878,Nova Analytics,2543.16,15,73,7.34,True
ACC-879,Logic Works,1253.79,9,72,2.6,True
ACC-880,Next Labs,3077.87,9,79,0.27,True
ACC-881,Data Networks,845.88,8,32,1.33,True
ACC-882,Fusion Tech,3836.43,5,75,7.39,False
ACC-883,Pulse Innovations,1289.3,7,62,1.81,True
ACC-884,Quantum Solutions,4928.32,4,76,9.34,True
ACC-885,Matrix Innovations,4971.14,12,30,6.61,False
ACC-886,Cyber Dynamics,3099.91,11,6,6.42,False
ACC-887,Cloud Tech,1254.2,12,60,3.01,False
ACC-888,Bright Dynamics,2209.1,12,60,2.63,True
ACC-889,Hyper Tech,1799.56,14,48,6.78,False
ACC-890,Quantum Systems,4629.7,11,55,6.1,False
ACC-891,Fusion Solutions,1716.47,3,32,6.54,False
ACC-892,Apex Software,3523.5,6,66,3.37,False
ACC-893,Cyber Solutions,2964.26,0,8,0.12,True
ACC-894,Cloud Cloud,2506.74,7,36,2.52,True
ACC-895,Prime Systems,755.97,6,76,6.38,False
ACC-896,Cloud Systems,4353.98,4,48,6.56,False
ACC-897,Next Innovations,4852.24,3,89,1.84,True
ACC-898,Vertex Cloud,2540.5,8,54,6.92,False
ACC-899,Vector Works,1228.85,2,35,7.77,False
ACC-900,Vector Tech,1662.07,8,22,4.41,False
ACC-901,Nexus Platform,2266.86,15,13,1.44,False
ACC-902,Nexus Platform,3395.02,14,33,1.03,True
ACC-903,Next Software,1627.68,14,2,8.97,True
ACC-904,Nova Ops,670.26,12,34,1.52,True
ACC-905,Orbit Platform,516.67,15,61,4.36,False
ACC-906,Vertex Networks,1516.31,12,88,8.18,True
ACC-907,Next Networks,4707.69,11,42,6.82,True
ACC-908,Vertex Solutions,2905.82,10,10,8.41,False
ACC-909,Logic Cloud,1414.04,1,49,6.61,True
ACC-910,Orbit Ops,980.46,11,62,0.85,True
ACC-911,Nexus Labs,660.64,0,75,2.38,True
ACC-912,Bright Cloud,1884.79,14,2,0.37,True
ACC-913,Quantum AI,1031.84,14,86,8.7,True
ACC-914,Next Dynamics,4661.67,1,18,4.89,True
ACC-915,Prime Tech,1592.07,4,1,1.72,True
ACC-916,Logic Digital,4071.64,14,78,1.71,True
ACC-917,Cloud Systems,2737.15,7,8,8.04,False
ACC-918,Orbit Solutions,1043.61,4,41,8.36,False
ACC-919,Quantum Platform,1280.51,2,15,2.74,False
ACC-920,Cyber Software,2164.67,5,56,2.44,False
ACC-921,Data Systems,4059.74,12,20,0.16,True
ACC-922,Nova Tech,1307.36,2,90,6.52,False
ACC-923,Hyper Software,4133.35,15,88,1.27,True
ACC-924,Fusion Networks,2526.89,7,22,6.11,True
ACC-925,Cyber Software,2749.49,2,80,8.26,True
ACC-926,Hyper Tech,3009.7,6,15,9.87,False
ACC-927,Prime Solutions,4382.29,7,59,7.7,False
ACC-928,Fusion Tech,1371.74,4,87,8.44,False
ACC-929,Matrix Labs,1218.92,1,6,6.45,False
ACC-930,Hyper Works,2004.33,14,5,1.04,True
ACC-931,Bright Labs,1211.21,0,62,5.15,True
ACC-932,Apex Software,2501.69,10,53,1.99,False
ACC-933,Vector Dynamics,4005.39,10,29,0.98,False
ACC-934,Nexus AI,4511.14,2,60,5.85,True
ACC-935,Hyper Labs,1472.74,14,22,3.87,True
ACC-936,Nexus Cloud,2113.66,8,25,3.36,True
ACC-937,Next Tech,1762.72,3,59,4.59,True
ACC-938,Vector Dynamics,4488.84,5,81,9.53,False
ACC-939,Next Networks,4347.52,2,52,8.57,False
ACC-940,Nexus Platform,2630.7,14,35,0.15,True
ACC-941,Apex Dynamics,1972.83,7,75,9.46,False
ACC-942,Nova AI,4910.83,1,60,7.33,False
ACC-943,Hyper Networks,2274.44,3,57,4.95,True
ACC-944,Nova Software,3793.04,6,16,3.58,True
ACC-945,Vertex Tech,2659.02,9,20,7.03,False
ACC-946,Next Tech,4893.89,14,17,8.74,False
ACC-947,Pulse Cloud,2589.33,0,80,0.71,False
ACC-948,Vector Networks,647.21,13,34,6.98,False
ACC-949,Next Innovations,1432.16,2,79,8.81,False
ACC-950,Quantum Networks,4753.95,11,6,1.11,True
ACC-951,Prime Tech,2145.07,5,82,5.59,True
ACC-952,Nexus Labs,4915.63,7,69,1.14,True
ACC-953,Next Digital,4815.97,6,28,3.2,False
ACC-954,Scale Cloud,2403.18,1,8,3.73,False
ACC-955,Scale Networks,4233.02,15,90,5.32,True
ACC-956,Logic Analytics,3294.28,2,24,8.92,False
ACC-957,Vertex AI,4540.76,9,9,1.09,True
ACC-958,Data Analytics,1177.24,6,66,9.52,True
ACC-959,Hyper Cloud,2936.46,4,60,3.47,True
ACC-960,Nova Works,1350.77,0,29,8.35,False
ACC-961,Vector AI,3104.17,10,62,5.93,False
ACC-962,Bright Analytics,2561.03,4,39,1.72,True
ACC-963,Matrix Solutions,4868.26,1,18,3.53,False
ACC-964,Cyber Platform,4658.59,9,23,9.73,False
ACC-965,Data Labs,1570.57,1,40,5.75,False
ACC-966,Pulse Labs,1423.2,1,85,3.17,True
ACC-967,Pulse Analytics,2929.4,5,68,3.02,False
ACC-968,Orbit Ops,2747.38,4,58,9.28,True
ACC-969,Bright Networks,1990.76,9,60,8.96,False
ACC-970,Next Cloud,1161.88,14,43,6.89,False
ACC-971,Quantum Labs,3551.04,3,39,0.25,False
ACC-972,Apex Analytics,2108.27,10,7,6.08,True
ACC-973,Scale Dynamics,4015.78,8,25,0.23,False
ACC-974,Core Cloud,3522.01,2,65,3.94,True
ACC-975,Prime Platform,2802.0,1,85,3.61,True
ACC-976,Hyper Solutions,2237.51,0,36,3.45,True
ACC-977,Core Digital,3024.65,6,56,7.42,True
ACC-978,Core Works,1237.06,13,53,1.4,True
ACC-979,Vertex Labs,1435.03,15,67,9.87,True
ACC-980,Next Innovations,2190.98,0,52,6.39,True
ACC-981,Cyber Networks,2579.54,4,25,1.86,True
ACC-982,Bright Analytics,690.05,9,74,3.04,True
ACC-983,Core Dynamics,620.78,0,19,2.63,False
ACC-984,Matrix Systems,3442.16,9,53,1.79,False
ACC-985,Apex Tech,1037.1,8,63,9.94,True
ACC-986,Pulse Platform,2662.19,13,33,6.28,True
ACC-987,Cloud Solutions,2806.37,0,33,1.63,True
ACC-988,Vector Analytics,4452.43,4,45,1.63,True
ACC-989,Hyper Cloud,4604.47,11,6,2.9,False
ACC-990,Vertex Networks,1372.17,5,12,5.99,True
ACC-991,Vector Digital,1922.95,9,34,6.85,False
ACC-992,Cloud Networks,3110.21,4,1,1.37,False
ACC-993,Matrix AI,2031.41,5,13,2.18,False
ACC-994,Nexus Innovations,4536.76,3,53,4.6,True
ACC-995,Data Ops,578.21,11,39,6.91,True
ACC-996,Core Ops,4944.12,10,22,7.1,True
ACC-997,Cloud Dynamics,1079.22,4,88,2.27,True
ACC-998,Data Systems,2411.62,3,9,0.19,False
ACC-999,Hyper Tech,1383.58,1,84,5.13,True
ACC-1000,Cloud Ops,1638.56,2,38,6.68,False
